"öڵ","ö","ö()","ȣ","ܺڵ","ö(߹)","ö(Ϲ)"
"0244","","Yongdap","02ȣ","211-1","","ף"
"0245","Ŵ","Sindap","02ȣ","211-2","",""
"0250","","Yongdu","02ȣ","211-3","","ף"
"0336","п","Hangnyeoul","03ȣ","346","Hangnyeoul","ϫ˫竦"
"0428","ﰢ","Samgakji","04ȣ","428","߲","߲"
"0429","ſ","Sinyongsan","04ȣ","429","ߣ","ףߣ"
"1008","","Ichon","Ǽ","K111","",""
"1014","û","Cheongnyangni","Ǽ","K117","",""
"103C","","Daegok","ؼ","836","",""
"104C","ɰ","Neunggok","ؼ","837","",""
"1286","õ","Uncheon","Ǽ","K336","","竷"
"1456","","Pyeongchon","04ȣ","441","",""
"1504","Ɽ","GyeonggiGwangju","氭","K413","Ѳ",""
"1510","ո","Sejongdaewangneung","氭","K419","",""
"1702","д","Gasan Digital Complex","01ȣ","P142","ʥߣاӥ","ʥߣǫӥ"
"1703","õû","Geumcheon-Gu Office","01ȣ","P144","ϡ","ϡ"
"1704","","Seoksu","01ȣ","P145","",""
"1706","Ⱦ","Anyang","01ȣ","P147","",""
"1707","","Myeonghak","01ȣ","P148","ٰ","ٰ"
"1708","","Geumjeong","01ȣ","P149","",""
"1709","","Gunpo","01ȣ","P150","",""
"1711","հ","Sungkyunkwan Univ.","01ȣ","P153","гν","гν"
"1750","","Gwangmyeong","01ȣ","P144-1","٥","٥"
"1761","","Jeongwang","04ȣ","455","",""
"1802","","Oryu-dong","01ȣ","144","׳","׳"
"0412","â","Chang-dong","04ȣ","412","",""
"0417","","Gireum","04ȣ","417","",""
"102C","սʸ","Wangsimni","κд缱","K210","",""
"1030","","Suseo","κд缱","K221","",""
"1217","","Yangpyeong","Ǽ","K135","",""
"1218","","Wondeok","Ǽ","K136","",""
"1407","¾õ","Onyang oncheon","01ȣ","P176","",""
"1450","","Seonbawi","04ȣ","435","ء","Ы"
"1452","","Seoul Grand Park","04ȣ","437","",""
"1455","δ","Indeogwon","04ȣ","440","",""
"1458","","Geumjeong","04ȣ","443","",""
"1847","｣","Seoul-forest","κд缱","K211","","뫹"
"1854","ž","Yatap","κд缱","K226","",""
"1855","","Seohyeon","κд缱","K228","",""
"1856","","Sunae","κд缱","K229","Ү","Ү"
"1857","","Jeongja","κд缱","K230","",""
"1858","̱","Migeum","κд缱","K231","ڸ","ڸ"
"1859","","Ori","κд缱","K232","",""
"1860","̸","Imae","κд缱","K227","",""
"1861","","Bojeong","κд缱","K234","",""
"1862","","Jukjeon","κд缱","K233","",""
"1863","","Guseong","κд缱","K235","",""
"1864","Ű","Singal","κд缱","K236","",""
"1866","","Sanggal","κд缱","K238","߾","߾"
"1870","źǼ","MaetanGwonseon","κд缱","K242","",""
"1871","û","Suwon City Hall","κд缱","K243","",""
"0310","Ĺ","Gupabal","03ȣ","320","",""
"0319","3","Jongno 3(sam)-ga","03ȣ","329","3ʶ","3ʶ"
"0339","","Suseo","03ȣ","349","",""
"0415","̾","Mia","04ȣ","415","گ","گ"
"0425","ȸ","Hoehyeon","04ȣ","425","",""
"100C","","Yongsan","Ǽ","K110","ߣ","ףߣ"
"1013","սʸ","Wangsimni","Ǽ","K116","",""
"1264","ȫԱ","Hongik Univ.","Ǽ","K314","","Ϣ"
"1265","","Gajwa","Ǽ","K315","ʥ","ʥ"
"1279","ݸ","Geumneung","Ǽ","K330","",""
"1408","â","Sinchang","01ȣ","P177","",""
"1502","̸","Imae","氭","K411","",""
"0248","õû","Yangcheon-gu Office","02ȣ","234-2","ϡ","ϡ"
"0320","3","Euljiro 3(sam)-ga","03ȣ","330","3ʶ","3ʶ"
"0327","Ż","Sinsa","03ȣ","337","",""
"1005","","Daebang","01ȣ","137","۰","۰"
"1031","","Bokjeong","κд缱","K222","",""
"1204","","Yangwon","Ǽ","K122","",""
"1720","","Jinwi","01ȣ","P161","",""
"1834","Ȼ","Ansan","κд缱","K255","ߣ","ߣ"
"1873","","Gosaek","κд缱","K246","ͯ",""
"1877","縮","Sari","κд缱","K250","",""
"1878","޿","Dalwol","κд缱","K259","ӹ",""
"1880","ҷ","Soraepogu","κд缱","K261","Ϣ","Ϣ"
"1882","ȣ","Hogupo","κд缱","K263","Ϣ","Ϣ"
"1883","δũ","Namdong Induspark","κд缱","K264","ߧϡ","׫ѣ"
"1884","","Woninjae","κд缱","K265","","ң"
"1885","","Yeonsu","κд缱","K266","",""
"1886","۵","Songdo","κд缱","K267","",""
"1890","","Sinpo","κд缱","K271","",""
"1901","","Banghak","01ȣ","115","ۯ","ۯ"
"1902","","Dobong","01ȣ","114","Գ","Գ"
"1904","","Mangwolsa","01ȣ","112","",""
"1905","ȸ","Hoeryong","01ȣ","111","ף","ף"
"1906","","Uijeongbu","01ȣ","110","ݤ","ݤ"
"1909","","Yangju","01ȣ","107","",""
"1911","","Deokjeong","01ȣ","105","",""
"1912","","Jihaeng","01ȣ","104","",""
"1913","õ߾","Dongducheon jungang","01ȣ","103","",""
"1915","õ","Dongducheon","01ȣ","101","",""
"1948","","Wonheung","03ȣ","317","","ի"
"0216","","Jamsil","02ȣ","216","",""
"0249","װŸ","Sinjeongnegeori","02ȣ","234-3","Ϣ","ͫͫ"
"0311","ų","Yeonsinnae","03ȣ","321","","󫷫"
"0315","","Muakjae","03ȣ","325","","俫"
"0323","","Yaksu","03ȣ","333","","䫯"
"0328","","Jamwon","03ȣ","338","",""
"0337","û","Daecheong","03ȣ","347","","ƫ"
"0421","빮","Dongdaemun","04ȣ","421","ڦ","ڦ"
"1319","","Maseok","ἱ","P130","ب","ب"
"1835","űõ","Neunggil","κд缱","K256","",""
"1950","","Samsong","03ȣ","318","߲","߲"
"1951","","Wondang","03ȣ","316","",""
"1952","ȭ","Hwajeong","03ȣ","315","",""
"1953","","Daegok","03ȣ","314","",""
"1954","鼮","Baekseok","03ȣ","313","",""
"1956","߻","Jeongbalsan","03ȣ","311","ۤߣ","ۤߣ"
"1980","","Gimpo Int'l Airport","ؼ","838","",""
"1981","","Wonjong","ؼ","839","","󫸫"
"1982","õտ","Bucheon Stadium","ؼ","840","ݣ","׫󫸫ϫ֫ɫ󫸫"
"2511","ȭ","Banghwa","05ȣ","510","ۨ","ۨ"
"2512","ȭ","Gaehwasan","05ȣ","511","ߣ","ߣ"
"2513","","Gimpo Intl. Airport","05ȣ","512","",""
"2514","","Songjeong","05ȣ","513","",""
"2515","","Magok","05ȣ","514","ث","ث"
"2517","","Ujangsan","05ȣ","516","ߣ","ߣ"
"0233","븲","Daerim","02ȣ","233","",""
"0237","","Dangsan","02ȣ","237","ߣ","ߣ"
"0405","","Jinjeop","04ȣ","405","","󫸫"
"0430","","Ichon","04ȣ","430","",""
"1015","ȸ","Hoegi","01ȣ","123","",""
"1032","ű","Singil","01ȣ","138","",""
"1208","","Deokso","Ǽ","K126","",""
"1219","빮","Yongmun","Ǽ","K137","ڦ","ڦ"
"1402","ֿ","Ssangyong","01ȣ","P171","",""
"2520","","Sinjeong","05ȣ","519","",""
"2521","","Mok-dong","05ȣ","520","",""
"2522","","Omokgyo","05ȣ","521","",""
"2523","","Yangpyeong","05ȣ","522","",""
"2524","û","Yeongdeungpo-gu Office","05ȣ","523","ϡ","ϡ"
"2525","","Yeongdeungpo Market","05ȣ","524","",""
"2526","ű","Singil","05ȣ","525","",""
"2527","ǵ","Yeouido","05ȣ","526","",""
"2529","","Mapo","05ȣ","528","ث","ث"
"2530","","Gongdeok","05ȣ","529","",""
"2535","3","Jongno 3(sam)-ga","05ȣ","534","߲ʶ","3ʶ"
"2536","4","Euljiro 4(sa)-ga","05ȣ","535","ʶ","4ʶ"
"2537","빮繮ȭ","Dongdaemun History  Culture Park","05ȣ","536","ڦ","ڦ"
"2539","űȣ","Singeumho","05ȣ","538","",""
"2540","","Haengdang","05ȣ","539","",""
"2541","սʸ","Wangsimni","05ȣ","540","",""
"0338","Ͽ","Irwon","03ȣ","348","",""
"0416","̾ƻŸ","Miasageori","04ȣ","416","گϢ","߫"
"0427","Ա","Sookmyung Women`s Univ.","04ȣ","427","Ϣ","Ϣ"
"1201","߶","Jungnang","Ǽ","K119","",""
"1266","й̵Ƽ","Digital Media City","Ǽ","K316","ا","ǫǫƫ"
"1268","ȭ","Hwajeon","Ǽ","K318","",""
"1804","õ","Bucheon","01ȣ","148","ݣ","ݣ"
"2542","","Majang","05ȣ","541","ة","ة"
"2543","ʸ","Dapsimni","05ȣ","542","",""
"2544","","Janghanpyeong","05ȣ","543","",""
"2545","","Gunja","05ȣ","544","",""
"2546","","Achasan","05ȣ","545","ߣ","ߣ"
"2547","","Gwangnaru","05ȣ","546","ԤϢ","ʫ"
"2548","õȣ","Cheonho","05ȣ","547","",""
"2549","","Gangdong","05ȣ","548","˰","˰"
"2550","浿","Gil-dong","05ȣ","549","",""
"2551","ٸ","Gubeundari","05ȣ","550","","֫"
"2553","","Godeok","05ȣ","552","",""
"2554","ϵ","Sangil-dong","05ȣ","553","߾","߾"
"2555","̵","Dunchon-dong","05ȣ","P549","",""
"2558","","Ogeum","05ȣ","P552","",""
"2559","","Gaerong","05ȣ","P553","",""
"2560","ſ","Geoyeo","05ȣ","P554","",""
"2562","","Gangil","05ȣ","554","˰","ϫʫ׫󫵫"
"2611","","Eungam","06ȣ","610","",""
"2613","ұ","Bulgwang","06ȣ","612","",""
"0316","","Dongnimmun","03ȣ","326","Լءڦ","Լءڦ"
"0329","͹̳","Express Bus Terminal","03ȣ","339","","ܫЫ?߫ʫ"
"0334","","Dogok","03ȣ","344","Գ","Գ"
"0341","","National Police Hospital","03ȣ","351","ܻ","ܻ"
"1009","","Seobinggo","Ǽ","K112","޼ͷ","޼ͷ"
"1203","","Mangu","Ǽ","K121","",""
"1214","","Guksu","Ǽ","K132","",""
"1404","","Tangjeong","01ȣ","P173","",""
"1812","õ","Incheon","01ȣ","161","",""
"2614","","Dokbawi","06ȣ","613","","ȫЫ"
"2617","","Saejeol","06ȣ","616","Saejeol",""
"2618","","Jeungsan","06ȣ","617","ߣ","ߣ"
"2619","й̵Ƽ","Digital Media City","06ȣ","618","ا","ǫǫƫ"
"2620","Ű","World Cup Stadium","06ȣ","619","ͣ","ɫë"
"2621","û","Mapo-gu Office","06ȣ","620","ثϡ","ثϡ"
"2624","","Sangsu","06ȣ","623","߾","߾"
"2625","â","Gwangheungchang","06ȣ","624","",""
"2626","","Daeheung","06ȣ","625","",""
"2630","","Noksapyeong","06ȣ","629","",""
"2631","¿","Itaewon","06ȣ","630","",""
"2632","Ѱ","Hangangjin","06ȣ","631","˰","˰"
"2633","Ƽ","Beotigogae","06ȣ","632","","ݫƫ"
"2634","","Yaksu","06ȣ","633","","䫯"
"0217","ǻ","Jamsilsaenae","02ȣ","217","-","-"
"0317","溹","Gyeongbokgung","03ȣ","327","",""
"0324","ȣ","Geumho","03ȣ","334","",""
"0330","","Seoul Nat`l Univ. of Education","03ȣ","340","",""
"0332","","Yangjae","03ȣ","342","",""
"0335","ġ","Daechi","03ȣ","345","",""
"1010","ѳ","Hannam","Ǽ","K113","",""
"1021","õ","Nokcheon","01ȣ","117","",""
"1814","һ","Sosa","01ȣ","147","",""
"1816","","Ganseok","01ȣ","155","",""
"2639","","Bomun","06ȣ","638","ڦ","ڦ"
"2640","Ⱦ","Anam","06ȣ","639","",""
"2643","","Sangwolgok","06ȣ","642","߾","߾"
"2644","","Dolgoji","06ȣ","643","","ȫ뫴"
"2645","","Seokgye","06ȣ","644","͢","͢"
"2646","¸Ա","Taereung","06ȣ","645","","Ϣ"
"2647","ȭ","Hwarangdae","06ȣ","646","",""
"2648","ȭ","Bonghwasan","06ȣ","647","ߣ","ߣ"
"2711","","Jangam","07ȣ","709","",""
"2712","","Dobongsan","07ȣ","710","Գߣ","Գߣ"
"2714","","Madeul","07ȣ","712","ة","ޫɫ"
"2715","","Nowon","07ȣ","713","",""
"2719","¸Ա","Taereung","07ȣ","717","","Ϣ"
"2722","","Sangbong","07ȣ","720","߾","߾"
"0218","տ","Sports Complex","02ȣ","218","",""
"0325","","Oksu","03ȣ","335","",""
"0331","͹̳","Nambu Bus Terminal","03ȣ","341","ݻ","ݻ"
"1026","","Guryong","κд缱","K218","ף","ף"
"1800","̵","Oido","κд缱","K258","",""
"1803","","Yeokgok","01ȣ","146","",""
"1805","۳","Songnae","01ȣ","150","Ү","Ү"
"1813","","Guil","01ȣ","142","",""
"1817","","Dowon","01ȣ","159","",""
"1821","¼","Onsu","01ȣ","145","",""
"1845","û","Cheongnyangni","κд缱","K209","",""
"1849","û","Gangnam-gu Office","κд缱","K213","˰ϡ","˰ϡ"
"1850","","Seonjeongneung","κд缱","K214","",""
"1851","õ","Gachon Univ.","κд缱","K223","ʩ","ʩ"
"1852","","Taepyeong","κд缱","K224","",""
"1853","","Moran","κд缱","K225","ծ","ӡ"
"2819","","Munjeong","08ȣ","818","",""
"0219","Ｚ","Samseong","02ȣ","219","߲","߲"
"0318","ȱ","Anguk","03ȣ","328","",""
"1027","","Gaepo-dong","κд缱","K219","",""
"1269","","Gangmae","Ǽ","K319","˰",""
"1275","ϻ","Ilsan","Ǽ","K326","ߣ","ߣ"
"1725","ȯ","Seonghwan","01ȣ","P166","",""
"1726","","Jiksan","01ȣ","P167","ߣ","ߣ"
"1728","õ","Cheonan","01ȣ","P169","",""
"1751","꺻","Sanbon","04ȣ","444","ߣ","ߣ"
"1752","߹","Daeyami","04ȣ","446","ګ","ګ"
"1753","ݿ","Banwol","04ȣ","447","",""
"1754","ϼ","Sangnoksu","04ȣ","448","",""
"1755","Ѵ","Hanyang Univ. at Ansan","04ȣ","449","",""
"1756","߾","Jungang","04ȣ","450","",""
"1757","","Gojan","04ȣ","451","ͯ","ͯ"
"1763","","Surisan","04ȣ","445","ߣ","ߣ"
"1833","","Choji","κд缱","K254","",""
"1836","","Jeongwang","κд缱","K257","",""
"0406","","Onam","04ȣ","406","","ʫ"
"1276","ź","Tanhyeon","Ǽ","K327","",""
"1277","ߴ","Yadang","Ǽ","K328","",""
"1280","","Geumchon","Ǽ","K331","",""
"1308","߶","Jungnang","ἱ","P119","",""
"1310","","Mangu","ἱ","P121","",""
"1311","ų","Sinnae","ἱ","P122","Ү","Ү"
"1316","ݰ","Geumgok","ἱ","P127","",""
"1318","õ","Cheonmasan","ἱ","P129","ؤߣ","ؤߣ"
"1320","뼺","Daeseong-ri","ἱ","P131","",""
"1322","õ","Sangcheon","ἱ","P133","߾","߾"
"1328","õ","Namchuncheon","ἱ","P139","",""
"1712","ȭ","Hwaseo","01ȣ","P154","",""
"1713","","Suwon","01ȣ","P155","",""
"1714","","Doksan","01ȣ","P143","Ծߣ","Ծߣ"
"1715","","Seryu","01ȣ","P156","׳","׳"
"1718","","Osan College","01ȣ","P159","ߣ","ߣ"
"1721","ź","Songtan","01ȣ","P162","",""
"1722","","Seojeong-ri","01ȣ","P163","",""
"1724","","Pyeongtaek","01ȣ","P165","",""
"0314","ȫ","Hongje","03ȣ","324","",""
"0321","湫","Chungmuro","03ȣ","331","",""
"1220","","Jipyeong","Ǽ","K138","",""
"1251","￪","Seoul Station","Ǽ","P313","",""
"1261","ȿâ","Hyochang Park","Ǽ","K826","","ҫ 󫦫󫢫"
"1262","","Gongdeok","Ǽ","K312","",""
"1272","","Goksan","Ǽ","K323","ߣ","ߣ"
"1278","","Unjeong","Ǽ","K329","",""
"1283","","Paju","Ǽ","K334","",""
"1305","","Kwangwoon Univ.","ἱ","P116","",""
"1306","û","Cheongnyangni","ἱ","P117","",""
"1312","","Galmae","ἱ","P123","",""
"1314","","Toegyewon","ἱ","P125","͢","͢"
"1324","","Gulbongsan","ἱ","P135","ߣ","ߣ"
"1325","縮","Baegyang-ri","ἱ","P136","",""
"1327","","Gimyujeong","ἱ","P138","",""
"1401","","Bongmyeong","01ȣ","P170","ٰ","ٰ"
"1823","ȭ","Dohwa","01ȣ","157","Գ","Գ"
"0243","","Chungjeongno","02ȣ","243","",""
"0309","","Jichuk","03ȣ","319","",""
"0322","Ա","Dongguk Univ.","03ȣ","332","Ϣ","Ϣ"
"0326","б","Apgujeong","03ȣ","336","",""
"0333","ź","Maebong","03ȣ","343","","ܫ"
"0414","","Suyu","04ȣ","414","",""
"0426","￪","Seoul Station","04ȣ","426","",""
"0432","ѽŴԱ","Chongshin Univ.","04ȣ","432","Ϣ","Ϣ"
"1205","","Guri","Ǽ","K123","",""
"1206","","Donong","Ǽ","K124","Զ","Զ"
"1207","","Yangjeong","Ǽ","K125","",""
"1210","ȴ","Paldang","Ǽ","K128","",""
"1211","","Ungilsan","Ǽ","K129","ߣ","ߣ"
"1212","","Yangsu","Ǽ","K130","",""
"1213","ſ","Sinwon","Ǽ","K131","",""
"1215","ƽ","Asin","Ǽ","K133","",""
"1216","","Obin","Ǽ","K134","޴","޴"
"1284","","Munsan","Ǽ","K335","ڡߣ","ڡߣ"
"0246","ż","Sinseol-dong","02ȣ","211-4","",""
"0431","","Dongjak","04ȣ","431","",""
"0433","","Sadang","04ȣ","433","",""
"0434","·","Namtaeryeong","04ȣ","434","ֺ","ֺ"
"1004","뷮","Noryangjin","01ȣ","136","",""
"1006","","Yeongdeungpo","01ȣ","139","",""
"1011","","Oksu","Ǽ","K114","",""
"1012","","Eungbong","Ǽ","K115","",""
"1016","ܴ","Hankuk Univ. of Foreign Studies","01ȣ","122","",""
"1017","̹","Sinimun","01ȣ","121","ڦ","ڦ"
"1018","","Seokgye","01ȣ","120","͢","͢"
"1019","","Kwangwoon Univ.","01ȣ","119","",""
"1020","","Wolgye","01ȣ","118","͢","͢"
"1022","â","Chang-dong","01ȣ","116","",""
"1023","","Seolleung","κд缱","K215","",""
"1025","","Dogok","κд缱","K217","Գ","Գ"
"1028","Ա","Daemosan","κд缱","K220","ٽߣϢ","ٽߣϢ"
"0238","","Hapjeong","02ȣ","238","",""
"0239","ȫԱ","Hongik Univ.","02ȣ","239","Ϣ","Ϣ"
"0240","","Sinchon","02ȣ","240","",""
"0241","̴","Ewha Womans Univ.","02ȣ","241","ҳ",""
"0242","","Ahyeon","02ȣ","242","",""
"0247","õ","Dorimcheon","02ȣ","234-1","Գ","Գ"
"0312","ұ","Bulgwang","03ȣ","322","",""
"0313","","Nokbeon","03ȣ","323","",""
"0342","","Ogeum","03ȣ","352","",""
"0408","","Byeollae Byeolgaram","04ȣ","408","ܬҮ˰","ԫͫӫ뫬"
"0409","","Danggogae","04ȣ","409","ֺ","󫴫"
"0410","","Sanggye","04ȣ","410","߾͢","߾͢"
"0418","ſԱ","Sungshin Women`s Univ.","04ȣ","418","Ϣ","Ϣ"
"0419","ѼԱ","Hansung Univ.","04ȣ","419","Ϣ","Ϣ"
"0422","빮繮ȭ","Dongdaemun History  Culture Park","04ȣ","422","ڦ","ڦ"
"1511","","Yeoju","氭","K420","",""
"0220","","Seolleung","02ȣ","220","",""
"0221","","Yeoksam","02ȣ","221","߲","߲"
"0222","","Gangnam","02ȣ","222","˰","˰"
"0223","","Seoul Nat`l Univ. of Education","02ȣ","223","",""
"0224","","Seocho","02ȣ","224","",""
"0225","","Bangbae","02ȣ","225","۰","۰"
"0226","","Sadang","02ȣ","226","",""
"0227","","Nakseongdae","02ȣ","227","",""
"0228","Ա","Seoul Nat`l Univ.","02ȣ","228","Ϣ","Ϣ"
"0229","õ","Bongcheon","02ȣ","229","",""
"0230","Ÿ","Sillim","02ȣ","230","",""
"0231","Ŵ","Sindaebang","02ȣ","231","۰","۰"
"0232","εд","Guro Digital Complex","02ȣ","232","اӥ","իǫ룿"
"0234","ŵ","Sindorim","02ȣ","234","Գ","Գ"
"0235","","Mullae","02ȣ","235","",""
"0236","û","Yeongdeungpo-gu Office","02ȣ","236","ϡ","ϡ"
"0203","3","Euljiro 3(sam)-ga","02ȣ","203","߲ʶ","3ʶ"
"0204","4","Euljiro 4(sa)-ga","02ȣ","204","ʶ","4ʶ"
"0205","빮繮ȭ","Dongdaemun History  Culture Park","02ȣ","205","ڦ","ڦ"
"0206","Ŵ","Sindang","02ȣ","206","",""
"0207","սʸ","Sangwangsimni","02ȣ","207","߾","߾"
"0208","սʸ","Wangsimni","02ȣ","208","",""
"0209","Ѿ","Hanyang Univ.","02ȣ","209","",""
"0210","Ҽ","Ttukseom","02ȣ","210","","ȫ"
"0211","","Seongsu","02ȣ","211","",""
"0212","ǴԱ","Konkuk Univ.","02ȣ","212","Ϣ","Ϣ"
"0213","","Guui","02ȣ","213","",""
"0214","","Gangbyeon","02ȣ","214","˰ܫ","˰ܫ"
"0215","ǳ","Jamsillaru","02ȣ","215","ԤϢ","ʫ"
"0420","ȭ","Hyehwa","04ȣ","420","",""
"1007","ŵ","Sindorim","01ȣ","140","Գ","Գ"
"1701","","Guro","01ȣ","141","",""
"0340","","Garak Market","03ȣ","350","ʦե","ʦե"
"0411","","Nowon","04ȣ","411","",""
"0423","湫","Chungmuro","04ȣ","423","",""
"1003","","Yongsan","01ȣ","135","ߣ","ףߣ"
"1252","","Sinchon","Ǽ","P312","",""
"1270","","Haengsin","Ǽ","K320","",""
"1282","","Wollong","Ǽ","K333","",""
"1285","","Imjingang","Ǽ","K336","˰","૸󫬫"
"1317","ȣ","PyeongnaeHopyeong","ἱ","P128","Ү","Ү"
"1323","","Gapyeong","ἱ","P134","ʥ","ʥ"
"1405","","Baebang","01ȣ","P174","ۻ","ۻ"
"1451","渶","Seoul Racecourse Park","04ȣ","436","ة","ة"
"1506","","Gonjiam","氭","K415","",""
"0413","ֹ","Ssangmun","04ȣ","413","ڦ","ڦ"
"0424","","Myeong-dong","04ȣ","424","٥","٥"
"1002","","Namyeong","01ȣ","134","",""
"1024","Ƽ","Hanti","κд缱","K216","Hanti","Hanti"
"1309","","Sangbong","ἱ","P120","߾","߾"
"1321","û","Cheongpyeong","ἱ","P132","",""
"1508","õ","Icheon","氭","K417","",""
"1719","","Osan","01ȣ","P160","ߣ","ߣ"
"1822","ߵ","Jung-dong","01ȣ","149","",""
"1868","","Yeongtong","κд缱","K240","",""
"101C","ȸ","Hoegi","Ǽ","K118","",""
"1202","","Sangbong","Ǽ","K120","߾","߾"
"1209","","Dosim","Ǽ","K127","Զ","Զ"
"1263","","Sogang Univ.","Ǽ","K313","˰","˰"
"1274","ǳ","Pungsan","Ǽ","K325","ߣ","ߣ"
"1307","ȸ","Hoegi","ἱ","P118","",""
"1315","縪","Sareung","ἱ","P126","",""
"1503","ﵿ","Samdong","氭","K412","߲",""
"1705","","Gwanak","01ȣ","P146","ή","ή"
"1806","","Bupyeong","01ȣ","152","ݣ","ݣ"
"1808","","Dongam","01ȣ","154","",""
"1809","־","Juan","01ȣ","156","",""
"1811","õ","Dongincheon","01ȣ","160","",""
"1815","ΰ","Bugae","01ȣ","151","ݣ","ݣ"
"1879","","Wolgot","κд缱","K260","έ","έ"
"1910","","Deokgye","01ȣ","106","͢","͢"
"1267","","Susaek","Ǽ","K317","",""
"1273","鸶","Baengma","Ǽ","K324","ة","ة"
"1313","","Byeollae","ἱ","P124","ܬҮ","ܬҮ"
"1403","ƻ","Asan","01ȣ","P172","ߣ","ߣ"
"1453","õ","Gwacheon","04ȣ","438","",""
"1457","","Beomgye","04ȣ","442","͢","ݫ૲"
"1505","ʿ","Chowol","氭","K414","",""
"1507","ŵе","Sindundoyechon","氭","K416","Զ",""
"1729","","Dangjeong","01ȣ","P151","",""
"1758","","Choji","04ȣ","452","",""
"1955","","Madu","03ȣ","312","ة","ة"
"1957","ֿ","Juyeop","03ȣ","310","",""
"1958","ȭ","Daehwa","03ȣ","309","",""
"2519","ġ","Kkachisan","05ȣ","518","ߣ","ߣ"
"1329","õ","Chuncheon","ἱ","P140","",""
"1454","ΰõû","Government Complex Gwacheon","04ȣ","439","ݤ","ݤ"
"1501","Ǳ","Pangyo","氭","K410","",""
"1509","ι","Bubal","氭","K418","ۤ",""
"1710","ǿ","Uiwang","01ȣ","P152","",""
"1716","","Byeongjeom","01ȣ","P157","ܿ","ܿ"
"1727","","Dujeong","01ȣ","P168","",""
"1749","ź","Seodongtan","01ȣ","P157-1","",""
"1759","Ȼ","Ansan","04ȣ","453","ߣ","ߣ"
"1762","̵","Oido","04ȣ","456","",""
"1810","","Jemulpo","01ȣ","158","ڪ","ڪ"
"1717","","Sema","01ȣ","P158","ة","ة"
"1723","","PyeongtaekJije","01ȣ","P164","",""
"1760","űõ","Neunggil","04ȣ","454","",""
"1801","","Gaebong","01ȣ","143","",""
"1807","","Baegun","01ȣ","153","",""
"1830","Ѵ","Hanyang Univ. at Ansan","κд缱","K251","",""
"1831","߾","Jungang","κд缱","K252","",""
"1876","߸","Yamok","κд缱","K249","","⫯"
"1889","","Sungui","κд缱","K270","",""
"2538","û","Cheonggu","05ȣ","537","",""
"1832","","Gojan","κд缱","K253","ͯ","ͯ"
"1846","","Suwon","κд缱","K245","",""
"1848","бε","Apgujeongrodeo","κд缱","K212","",""
"1865","","Giheung","κд缱","K237","","ի"
"1867","û","Cheongmyeong","κд缱","K239","٥","٥"
"1869","","Mangpo","κд缱","K241","",""
"1872","ű","Maegyo","κд缱","K244","",""
"1874","õ","Omokcheon","κд缱","K247","","ë"
"1875","õ","Eocheon","κд缱","K248","",""
"1903","","Dobongsan","01ȣ","113","Գߣ","Գߣ"
"1916","ҿ","Soyosan","01ȣ","100","ߣ","ߣ"
"2516","߻","Balsan","05ȣ","515","ۤߣ","ۤߣ"
"2518","ȭ","Hwagok","05ȣ","517","",""
"2552","","Myeongil","05ȣ","551","٥","٥"
"2557","","Bangi","05ȣ","P551","ۻ","ۻ"
"2564","ϳǳ","Hanam Pungsan","05ȣ","556","ߣ","ϫʫ׫󫵫"
"2565","ϳû","Hanam City Hall","05ȣ","557","?(??)","ϫʫ૷ (ȫ׫?󫸫)"
"2566","ϳ˴ܻ","Hanam Geomdansan","05ȣ","558","̣ӡߣ","ϫʫ૴󫵫"
"1881","õ","Incheon Nonhyeon","κд缱","K262","",""
"1888","ϴ","Inha Univ.","κд缱","K269","","ϫ"
"1907","","Ganeung","01ȣ","109","ʢ","ʢ"
"1908","","Nogyang","01ȣ","108","",""
"1914","","Bosan","01ȣ","102","ߣ","ߣ"
"2528","ǳ","Yeouinaru","05ȣ","527","ԤϢ","ʫ"
"2531","ֿ","Aeogae","05ȣ","530","ֺ",""
"2532","","Chungjeongno","05ȣ","531","",""
"2533","빮","Seodaemun","05ȣ","532","ڦ","ڦ"
"2534","ȭ","Gwanghwamun","05ȣ","533","ڦ","ڦ"
"2612","","Yeokchon","06ȣ","611","",""
"2623","","Hapjeong","06ȣ","622","",""
"1891","õ","Incheon","κд缱","K272","",""
"2622","","Mangwon","06ȣ","621","",""
"2627","","Gongdeok","06ȣ","626","",""
"2629","ﰢ","Samgakji","06ȣ","628","߲","߲"
"2635","û","Cheonggu","06ȣ","634","",""
"2636","Ŵ","Sindang","06ȣ","635","",""
"2637","","Dongmyo","06ȣ","636","",""
"2638","â","Changsin","06ȣ","637","",""
"2641","","Korea Univ.","06ȣ","640","",""
"2642","","Wolgok","06ȣ","641","",""
"2556","øȰ","Olympic Park","05ȣ","P550","Olympic Park","ԫë"
"2561","õ","Macheon","05ȣ","P555","ة","ة"
"2563","̻","Misa","05ȣ","555","ڴ","߫"
"2615","ų","Yeonsinnae","06ȣ","614","","󫷫"
"2616","","Gusan","06ȣ","615","ߣ","ߣ"
"2628","ȿâ","Hyochang park","06ȣ","627","",""
"2716","߰","Junggye","07ȣ","714","͢","͢"
"2717","ϰ","Hagye","07ȣ","715","͢","͢"
"2718","","Gongneung","07ȣ","716","",""
"2720","԰","Meokgol","07ȣ","718","","ë"
"2721","ȭ","Junghwa","07ȣ","719","",""
"2723","","Myeonmok","07ȣ","721","",""
"2724","簡","Sagajeong","07ȣ","722","ʢ","ʢ"
"2725","븶","Yongmasan","07ȣ","723","ةߣ","ةߣ"
"2736","͹̳","Express Bus Terminal","07ȣ","734","","ܫЫ?߫ʫ"
"2649","ų","Sinnae","06ȣ","648","Ү",""
"2726","߰","Junggok","07ȣ","724","",""
"2727","","Gunja","07ȣ","725","",""
"2728","̴","Children`s  Grand Park","07ȣ","726","",""
"2729","ǴԱ","Konkuk Univ.","07ȣ","727","Ϣ","Ϣ"
"2730","Ҽ","Ttukseom Park","07ȣ","728","","ȫ"
"2731","û","Cheongdam","07ȣ","729","",""
"2732","û","Gangnam-gu Office","07ȣ","730","˰ϡ","˰ϡ"
"2733","е","Hak-dong","07ȣ","731","",""
"2734","","Nonhyeon","07ȣ","732","",""
"2735","","Banpo","07ȣ","733","",""
"2737","","Naebang","07ȣ","735","Ү۰","Ү۰"
"2738","̼","Isu","07ȣ","736","",""
"2739","","Namseong","07ȣ","737","",""
"2740","ǴԱ","Soongsil Univ.","07ȣ","738","Ϣ","Ϣ"
"2818","","Garak Market","08ȣ","817","ʦե","ʦե"
"2713","","Suraksan","07ȣ","711","ժߣ","ժߣ"
"2741","","Sangdo","07ȣ","739","߾Գ","߾Գ"
"2742","¹","Jangseungbaegi","07ȣ","740","","㪫٫"
"2743","ŴŸ","Sindaebangsamgeori","07ȣ","741","۰Ϣ","۰૴"
"2744","","Boramae","07ȣ","742","","ݫ"
"2745","ǳ","Sinpung","07ȣ","743","",""
"2820","","Jangji","08ȣ","819","",""
"2821","","Bokjeong","08ȣ","820","",""
"3119","","Bupyeong Market","õ","I119","ݣ","ݣ"
"3136","õԱ","Incheon Nat'l Univ.","õ","I136","Ϣ","Ϣ"
"3202","ձ","Wanggil","õ2ȣ","I202","",""
"3222","õŸ","Seokcheon Sageori","õ2ȣ","I222","",""
"4103","׽","Airport Market","09ȣ","903","",""
"4120","","Dongjak","09ȣ","920","",""
"4121","","Gubanpo","09ȣ","921","",""
"4307","","Gangnam","źд缱","D7","˰","˰"
"4411","ǻ","Gwanaksan","Ÿ","","ήߣ","ʫ"
"2746","븲","Daerim","07ȣ","744","",""
"2747","","Namguro","07ȣ","745","",""
"2748","д","Gasan Digital Complex","07ȣ","746","ʥߣاӥ","ʥߣǫӥ"
"2749","ö","Cheolsan","07ȣ","747","ߣ","ߣ"
"2750","Ÿ","Gwangmyeongsageori","07ȣ","748","٥Ϣ","٥"
"2751","õ","Cheonwang","07ȣ","749","",""
"2752","¼","Onsu","07ȣ","750","",""
"2811","ϻ","Amsa","08ȣ","810","",""
"2812","õȣ","Cheonho","08ȣ","811","",""
"2813","û","Gangdong-gu Office","08ȣ","812","˰ϡ","˰ϡ"
"2814","伺","Mongchontoseong","08ȣ","813","",""
"2815","","Jamsil","08ȣ","814","",""
"2816","","Seokchon","08ȣ","815","",""
"2817","","Songpa","08ȣ","816","",""
"2822","꼺","Sanseong","08ȣ","822","ߣ","ߣ"
"2823","ѻ꼺Ա","Namhansanseong","08ȣ","823","ߣϢ","ߣϢ"
"2824","ܴŸ","Dandaeogeori","08ȣ","824","Dandaeogeori","ӡܫ"
"2825","","Sinheung","08ȣ","825","",""
"2826","","Sujin","08ȣ","826","",""
"2827","","Moran","08ȣ","827","ծ","ӡ"
"2828","","Namwirye","08ȣ","821","","ʫૣ"
"3110","","Gyeyang","õ","I110","",""
"3111","","Gyulhyeon","õ","I111","й","й"
"3112","","Bakchon","õ","I112","",""
"3113","","Imhak","õ","I113","",""
"3114","","Gyesan","õ","I114","ߣ","ߣ"
"3115","αԱ","Gyeong-in Nat`l Univ. of Education","õ","I115","Ϣ","Ϣ"
"3116","","Jakjeon","õ","I116","",""
"3117","","Galsan","õ","I117","ߣ","ߣ"
"3118","û","Bupyeong-gu Office","õ","I118","ݣϡ","ݣϡ"
"3120","","Bupyeong","õ","I120","ݣ","ݣ"
"3121","","Dongsu","õ","I121","",""
"3122","Ÿ","Bupyeongsamgeori","õ","I122","ݣϢ","ݣ૴"
"3123","Ÿ","Ganseogogeori","õ","I123","Ganseogogeori","ഫ"
"3124","õû","Incheon City Hall","õ","I124","",""
"3125","ȸ","Arts Center","õ","I125","ν","ν"
"3126","õ͹̳","Incheon Bus Terminal","õ","I126","","Ы?߫ʫ"
"3127","а","Munhak Sports Complex","õ","I127","",""
"3128","","Seonhak","õ","I128","",""
"3129","ſ","Sinyeonsu","õ","I129","",""
"3130","","Woninjae","õ","I130","",""
"3131","","Dongchun","õ","I131","",""
"3132","","Dongmak","õ","I132","ح","ح"
"3133","ķ۽Ÿ","Campus Town","õ","I133","Campus Town","CampusTown"
"3134","ũũ","Technopark","õ","I134","Technopark","Technopark"
"3135","","BIT Zone","õ","I135","ӥ","ӥ"
"3137","Ʈũ","Central Park","õ","I137","Central Park","CentralPark"
"3138","","Intl. Business District","õ","I138","ϡ","ϡ"
"3139","۵޺","Songdo Moonlight Festival Park","õ","I139","",""
"3201","˴ܿ","Geomdan Oryu","õ2ȣ","I201","",""
"3203","˴ܻŸ","Geomdan Sageori","õ2ȣ","I203","",""
"3204","","Majeon","õ2ȣ","I204","",""
"3205","","Wanjeong","õ2ȣ","I205","",""
"3206","","Dokjeong","õ2ȣ","I206","",""
"3207","˾","Geomam","õ2ȣ","I207","",""
"3208","˹","Geombawi","õ2ȣ","I208","",""
"3209","ƽþƵ","Asiad Stadium","õ2ȣ","I209","",""
"3210","û","Seo-gu Office","õ2ȣ","I210","",""
"3211","","Gajeong","õ2ȣ","I211","",""
"3212","߾ӽ","Gajeong Jungang Market","õ2ȣ","I212","",""
"3213","","Seongnam","õ2ȣ","I213","",""
"3214","οȸ","West Woman's Community Center","õ2ȣ","I214","",""
"3215","õ","Incheon Gajwa","õ2ȣ","I215","",""
"3216","","Gajaeul","õ2ȣ","I216","",""
"3217","־ȱ","Juan National Industrial Complex","õ2ȣ","I217","",""
"3218","־","Juan","õ2ȣ","I218","",""
"3219","ùΰ","Citizens Park","õ2ȣ","I219","",""
"3220","","Seokbawi Market","õ2ȣ","I220","",""
"3221","õû","Inchon City Hall","õ2ȣ","I221","",""
"3223","𷡳","Moraenae Market","õ2ȣ","I223","",""
"3224","","Mansu","õ2ȣ","I224","",""
"3225","û","Namdong-gu Office","õ2ȣ","I225","",""
"3226","õ","Incheon Grand Park","õ2ȣ","I226","",""
"3227","","Unyeon","õ2ȣ","I227","",""
"3753","ġ","Kkachiul","07ȣ","751","",""
"3754","õտ","Bucheon Stadium","07ȣ","752","ݣ","ݣ"
"3755","","Chunui","07ȣ","753","",""
"3756","ߵ","Sinjung-dong","07ȣ","754","",""
"3757","õû","Bucheon City Hall","07ȣ","755","ݣ","ݣ㼣"
"3758","","Sang-dong","07ȣ","756","߾","߾"
"3759","ü","Samsan Gymnasium","07ȣ","757","߲ߣν","߲ߣν"
"3760","õ","Gulpocheon","07ȣ","758","",""
"3761","û","Bupyeong-gu Office","07ȣ","759","ݣϡ","ݣ"
"3762","","Sangok","07ȣ","760","ߣ","󫴫"
"3763","","Seongnam","07ȣ","761","","ʫ"
"4101","ȭ","Gaehwa","09ȣ","901","",""
"4102","","Gimpo Intl. Airport","09ȣ","902","",""
"4104","Źȭ","Sinbanghwa","09ȣ","904","ۨ","ۨ"
"4105","","Magongnaru","09ȣ","905","ثԤϢ","ޫʫ"
"4106","õⱳ","Yangcheon Hyanggyo","09ȣ","906","",""
"4107","","Gayang","09ȣ","907","ʥ","ʥ"
"4108","","Jeungmi","09ȣ","908","ڷ","ڷ"
"4109","","Deungchon","09ȣ","909","",""
"4110","â","Yeomchang","09ȣ","910","",""
"4111","Ÿ","Sinmokdong","09ȣ","911","",""
"4112","","Seonyudo","09ȣ","912","",""
"4113","","Dangsan","09ȣ","913","ߣ","ߣ"
"4114","ȸǻ","National Assembly","09ȣ","914","",""
"4115","ǵ","Yeouido","09ȣ","915","",""
"4116","","Saetgang","09ȣ","916","Saetgang","Saetgang"
"4117","뷮","Noryangjin","09ȣ","917","",""
"4118","","Nodeul","09ȣ","918","Nodeul","Nodeul"
"4119","漮","Heukseok","09ȣ","919","",""
"4122","Ź","Sinbanpo","09ȣ","922","",""
"4124","","Sapyeong","09ȣ","924","",""
"4125","ų","Sinnonhyeon","09ȣ","925","",""
"4126","","Eonju","09ȣ","926","","󫸫"
"4127","","Seonjeongneung","09ȣ","927","","󫸫̫"
"4128","Ｚ߾","Samseong Jungang","09ȣ","928","߲","૽ 󫢫"
"4130","տ","Sports Complex","09ȣ","930",""," ֫ɫ󫸫"
"4131","","Samjeon","09ȣ","931","߲ ","૸"
"4132","̰","Seokchon Gobun","09ȣ","932","ͯ","󫳫֫"
"4133","","Seokchon(Hansol Hospital)","09ȣ","933","","ë"
"4134","ĳ","Songpanaru","09ȣ","934","糪","ѫʫ"
"4135","Ѽ","Hanseong Baekje","09ȣ","935","?","ϫ󫽫٫"
"4136","øȰ","Olympic Park","09ȣ","936","ø()","ԫë?󫦫"
"4137","̿","Dunchon Oryun","09ȣ","937","","ȫ󫪫"
"4138","߾Ӻƺ","VHS Medical Center","09ȣ","938","?ܻ","󫢫ܫիӫ󫦫"
"4201","￪","Seoul Station","ö","A01","",""
"4202","","Gongdeok","ö","A02","",""
"4123","͹̳","Express Bus Terminal","09ȣ","923","","ܫЫ?߫ʫ"
"4129","","Bongeunsa","09ȣ","929","","ݫ󫦫"
"4203","ȫԱ","Hongik Univ.","ö","A03","Ϣ","Ϣ"
"4204","й̵Ƽ","Digital Media City","ö","A04","ا","ǫǫƫ"
"4206","","Magongnaru","ö","A042","ثԤϢ","ޫʫ"
"4207","","Gimpo Intl. Airport","ö","A05","",""
"4208","","Gyeyang","ö","A06","",""
"4209","˾","Geomam","ö","A07","̣","̣"
"4210","û","Cheongna Intl City Station","ö","A071","","ʫɫ"
"4211","","Unseo","ö","A08","",""
"4212","ȭû","Incheon Intl. Airport Cargo Terminal","ö","A09","ڪ","ڪ?߫ʫ"
"4213","õ1͹̳","Incheon Intl. Airport","ö","A10","??? 1??","? 1?߫ʫ"
"4215","õ2͹̳","Incheon Intl Airport Terminal 2","ö","A11","??? 2??","? ?߫ʫ"
"4217","","Yeongjong","ö","A072","","󫸫"
"4304","Ż","Sinsa","źд缱","D4","",""
"4305","","Nonhyeon","źд缱","D5","??","Ϋҫ"
"4306","ų","Sinnonhyeon","źд缱","D6","˰","ʫ"
"4308","","Yangjae","źд缱","D8","",""
"4309","ùǽ","Yangjae Citizen's Forest","źд缱","D9","","Yangjae Citizen's Forest"
"4310","ûԱ","Cheonggyesan","źд缱","D10","͢ߣϢ","͢ߣϢ"
"4311","Ǳ","Pangyo","źд缱","D11","",""
"4312","","Jeongja","źд缱","D12","",""
"4313","̱","Migeum","źд缱","D13","ڸ","߫"
"4314","õ","Dongcheon","źд缱","D14","","ȫ"
"4315","û","Suji-gu office","źд缱","D15","ϡ","ū"
"4316","","Seongbok","źд缱","D16","","ܫ"
"4317","","Sanghyeon","źд缱","D17","߾","ҫ"
"4318","߾","GwanggyoJungang","źд缱","D18","","󫮫竸󫢫"
"4319","","Gwanggyo","źд缱","D19","","󫮫"
"4401","","Saetgang","Ÿ","","?˰","ë"
"4402","","Daebang","Ÿ","","۰","ƫЫ"
"4403","溴û","Seoul Regional Office of Military Manpower","Ÿ","","?۰ܲ??","뫸Ыӫ"
"4404","","Boramae","Ÿ","","ڸ","ݫ"
"4405","Ű","Boramae Park","Ÿ","","ڸ?","ݫ᫴󫦫"
"4406","ź","Boramae Medical Center","Ÿ","","ڸ?","ݫӫ󫦫"
"4407","","Danggok","Ÿ","","","󫴫"
"4408","Ÿ","Sillim","Ÿ","","",""
"4409","","Sutgogae","Ÿ","","?","ë"
"4410","뺥óŸ","Seoul National Univ. Venture Town","Ÿ","","???","ǫ٫?"
"4501","","Giheung","ΰö","Y110","","ի"
"4502","","Kangnam Univ.","ΰö","Y111","˰","ʫ"
"4503","","Jiseok","ΰö","Y112","",""
"4504","","Eojeong","ΰö","Y113","",""
"4505","","Dongbaek","ΰö","Y114","","ȫ٫"
"4506","ʴ","Chodang","ΰö","Y115","",""
"4508","ﰡ","Samga","ΰö","Y116","߲ʶ","૬"
"4509","û.δ","City Hall, Yongin Univ.","ΰö","Y117"," ",", 󫤫"
"4808","","Sinhyeon","ؼ","845","?","ҫ"
"4809","û","Siheung City Hall","ؼ","846","??","ի󫷫"
"4810","ɰ","Siheung Neunggok","ؼ","847","?","ի̫󫴫"
"4811","޹","Dalmi","ؼ","848","?ڸ",""
"4812","","Seonbu","ؼ","849","ݤ",""
"4813","","Choji","ؼ","850","","竸"
"4814","ÿ","Siu","ؼ","701","","󫴫"
"4815","","Wonsi","ؼ","702","?",""
"4920","","Yangchon","ö","690","?","()"
"4921","","Gurae","ö","691","","(?)"
"4922","","Masan","ö","692","ثߣ","ޫ(ثߣ)"
"4923","","Janggi","ö","693","?","("
"4924","","Unyang","ö","694","?","˫(գ"
"4925","Ϻ","Geolpo Bukbyeon","ö","695","?","ݫ֫ӫ(ܫ"
"4926","","Sau","ö","696","(?)","(?)"
"4927","ǳ","Pungmu","ö","697","","׫("
"4928","","Gochon","ö","698","","("
"4929","","Gimpo Intl Airport","ö","699","?"," ()"
"4510","","Myongji Univ.","ΰö","Y118","٥","߫󫸫"
"4511","跮","Gimnyangjang","ΰö","Y119","","˫󫸫"
"4512",".۴","Stadium, Songdam College","ΰö","Y120"," ","ɫ󫸫, "
"4513","","Gojin","ΰö","Y121","ͯ",""
"4514","","Bopyeong","ΰö","Y123","","ݫԫ"
"4515","","Dunjeon","ΰö","Y125","","ȫ󫸫"
"4517",".","Jeondae, Everland","ΰö","Y126"," ",", У"
"4601","߰","Balgok","ΰö","U110","ۤ","Ы뫴"
"4602","ȸ","Hoeryong","ΰö","U111","ף","ի"
"4603","","Beomgol","ΰö","U112","","ݫ૴"
"4604","ö","Lrt Uijeongbu","ΰö","U113","ݤ","󫸫뫦"
"4605","νû","Uijeongbu City Hall","ΰö","U114","ݤ","֫"
"4606","Ｑ","Heungseon","ΰö","U115","","۫󫽫"
"4607","߾","Uijeongbu Jung-ang","ΰö","U117","ݤ","֫󫢫"
"4608","","Dong-o","ΰö","U118","","ȫ"
"4609","","sae-mal","ΰö","U119","sae-mal","ޫ"
"4610","⵵ûϺû","Gyeonggi Provincial Government Northern Office","ΰö","U120","ѲԳݻ","󫮫ɫ׫ë׫"
"4611","ȿ","hyoja","ΰö","U121","","ҫ竸"
"4612","","gonjae","ΰö","U122","","󫸫"
"4804","һ","Sosa","ؼ","841","",""
"4613","","eoryong","ΰö","U123","ף",""
"4614","ۻ","Songsan","ΰö","U124","ߣ","󫵫"
"4615","ž","Tapseok","ΰö","U125","","׫"
"4701","ѻ","Bukhansan Ui","̽żö","941","ߣ","׫󫵫󫦫"
"4702","ֹ","Solbat Park","̽żö","942","","Ыë󫦫"
"4703","4?19ֹ","April 19th National Cemetery","̽żö","943","",".뫰߫󫸫߫竸"
"4704","","Gaori","̽żö","944","ʥ",""
"4705","ȭ","Hwagye","̽żö","945","͢","ի"
"4706","","Samyang","̽żö","946","߲","߫"
"4707","Ÿ","Samyang Sageori","̽żö","947","߲ջŸ","߫󫵫"
"4708","ֻ","Solsaem","̽żö","948","","뫻"
"4709","ѻ꺸","Bukhansan Bogungmun","̽żö","949","ߣڦ","׫󫵫ܫ"
"4710","","Jeongneung","̽żö","950","","̫"
"4711","ſԱ","Sungshin Women`s Univ.","̽żö","951","Ϣ","Ϣ"
"4712","","Bomun","̽żö","952","ڦ","ڦ"
"4713","ż","Sinseol-dong","̽żö","953","",""
"4805","һ","Sosaeul","ؼ","842","",""
"4806","","Siheung Daeya","ؼ","843","?","իǫ"
"4807","õ","Sincheon","ؼ","844","","()?"
"1271","ɰ","Neunggok","Ǽ","K321","",""
"1326","","Gangchon","ἱ","P137","˰","˰"
"0150","￪","Seoul Station","01ȣ","133","",""
"0151","û","City Hall","01ȣ","132","",""
"0152","","Jonggak","01ȣ","131","",""
"0153","3","Jongno 3(sam)-ga","01ȣ","130","߲ʶ","3ʶ"
"0154","5","Jongno 5(o)-ga","01ȣ","129","ʶ","5ʶ"
"0155","빮","Dongdaemun","01ȣ","128","ڦ","ڦ"
"0156","ż","Sinseol-dong","01ȣ","126","",""
"0157","⵿","Jegi-dong","01ȣ","125","",""
"0158","û","Cheongnyangni","01ȣ","124","",""
"0159","","Dongmyo","01ȣ","127","",""
"0200","ġ","Kkachisan","02ȣ","234-4","ߣ","ߣ"
"0201","û","City Hall","02ȣ","201","",""
"0202","Ա","Euljiro 1(il)-ga","02ȣ","202","Ϣ","Ϣ"
"0300","","Daegok","Ǽ","K322","",""